[{
  "noteUUID": "12345",
  "uid": "s12345",
  "content": "This is a note"
}, {
  "noteUUID": "12346",
  "uid": "s12345",
  "content": "This is another note"
}, {
  "noteUUID": "12347",
  "uid": "s12345",
  "content": "This is a third note, this note is getting longer"
}, {
  "noteUUID": "12348",
  "uid": "s12345",
  "content": "This is a fourth note, this note is getting even longer"
}, {
  "noteUUID": "12348",
  "uid": "s12345",
  "content": "Do you know the longest lake name in the US? It is called Lake Chargoggagoggmanchauggagoggchaubunagungamaugg"
}, {
  "noteUUID": "12349",
  "uid": "s12345",
  "content": "Lorem ipsum dolor sit amet, consectetur adipiscing elit. Maecenas at commodo mauris, convallis pretium dolor. Maecenas id aliquam velit. Proin aliquet dui massa. Nullam ac sagittis magna. Nulla varius felis est. Praesent suscipit erat sed viverra laoreet. Nulla accumsan et dolor non ultricies. Etiam molestie nulla diam."
}
]